[{"id":1,"name":"Marigold","description":"Wedding flower","unitprice":12,"imagerul":"/images/marigold.jpg","quantity":5000,"likes":45000},{"id":2,"name":"Jasmine","description":"valentine flower","unitprice":50,"imagerul":"/images/jasmine.jpg","quantity":400,"likes":7600},{"id":3,"name":"Lily","description":"worship flower","unitprice":10,"imagerul":"/images/lily.jpg","quantity":9800,"likes":35000},{"id":4,"name":"Rose","description":"delicate flower","unitprice":20,"imagerul":"/images/rose.jpg","quantity":1400,"likes":25000},{"id":99,"name":"Louts","description":"Worship flower","unitprice":12,"imagerul":"/images/lotus.jpg","quantity":5000,"likes":45000},{"id":455,"name":"carnation","description":"Delicate flower","unitprice":45,"imagerul":"/images/carnation.jpg","quantity":9999,"likes":999}]